-- phpMyAdmin SQL Dump
-- version 3.2.3
-- http://www.phpmyadmin.net
--
-- Host: localhost
-- Generation Time: Mar 03, 2015 at 11:54 AM
-- Server version: 5.1.40
-- PHP Version: 5.3.13

SET SQL_MODE="NO_AUTO_VALUE_ON_ZERO";


/*!40101 SET @OLD_CHARACTER_SET_CLIENT=@@CHARACTER_SET_CLIENT */;
/*!40101 SET @OLD_CHARACTER_SET_RESULTS=@@CHARACTER_SET_RESULTS */;
/*!40101 SET @OLD_COLLATION_CONNECTION=@@COLLATION_CONNECTION */;
/*!40101 SET NAMES utf8 */;

--
-- Database: `ftf_study`
--

-- --------------------------------------------------------

--
-- Table structure for table `news`
--

CREATE TABLE IF NOT EXISTS `news` (
  `id` int(11) NOT NULL AUTO_INCREMENT,
  `title` varchar(255) NOT NULL DEFAULT '',
  `content` text NOT NULL,
  `uploaddate` datetime NOT NULL DEFAULT '0000-00-00 00:00:00',
  `typeid` int(11) NOT NULL DEFAULT '0',
  `image` varchar(255) NOT NULL DEFAULT '',
  `alt` text NOT NULL,
  `comments` int(11) NOT NULL DEFAULT '0',
  PRIMARY KEY (`id`)
) ENGINE=MyISAM  DEFAULT CHARSET=cp1251 AUTO_INCREMENT=27 ;

--
-- Dumping data for table `news`
--

INSERT INTO `news` (`id`, `title`, `content`, `uploaddate`, `typeid`, `image`, `alt`, `comments`) VALUES
(1, '1 место команды ИМИ в четвертьфинале чемпионата мира по программированию АСМ', '<p>29 октября 2010 года в г. Красноярске состоялись четвертьфинальные соревнования Чемпионата мира по программированию среди сборных команд высших учебных заведений Восточно-сибирского региона на базе Института космических и информационных технологий СФУ. Команда Института математики и информатики (BSU1) заняла 1 место.</p>', '2011-02-10 15:28:09', 0, 'images/1289370224.jpg', '1 место команды ИМИ в четвертьфинале чемпионата мира по программированию АСМ', 0),
(2, 'Обновление сайта ИМИ', '<p>Новый сайт скажите что вы думаете</p>', '2010-11-10 14:36:38', 0, '', 'Новый сайт скажите что вы думаете', 0),
(5, 'Научно-методический семинар «Проблемы обучения информатике в школе и вузе»', '<p>&nbsp;</p>\r\n<p>10 декабря в Институте математики и информатики прошел научно-методический семинар &laquo;Проблемы обучения информатике в школе и вузе&raquo; при участии научно-исследовательской части, Центра непрерывного образования и Центра профессиональной ориентации.</p>\r\n<p>&nbsp;</p>\r\n<p>&nbsp; <img src="../../upload-files/prog_seminar/DSC_3039.JPG" alt="" width="319" height="214" />&nbsp; <img src="../../upload-files/prog_seminar/DSC_3036.JPG" alt="" width="322" height="214" /></p>\r\n<p>&nbsp;</p>\r\n<p>Семинар вызвал большой интерес со стороны учителей информатики, школьников студентов, преподавателей университета. В программе семинара выступили проректор по НИР БГУ, д.ф.-м.н., профессор Булдаев А.С., директор ИМИ, к.ф.-м.н., доцент Шаранхаев И.К., директор НОИЦ СИА, к.ф.-м.н., доцент Дармаев Т.Г., учитель информатики СОШ № 14 г. Улан-Удэ Ефимова О.В., доцент кафедры информационных технологий Данеев А.В., магистранты ИМИ, члены команды БГУ по программированию, победители четвертьфинала чемпионата мира по программированию в г. Красноярске Брагин А., Балданова О., Скворцов М., директор ЦПО Корытова А.С., директор ИНО, к.п.н., доцент Цыренова М.Г.</p>\r\n<p>&nbsp;</p>\r\n<p>&nbsp; <img src="../../upload-files/prog_seminar/DSC_3058.JPG" alt="" width="319" height="214" />&nbsp; <img src="../../upload-files/prog_seminar/main.JPG" alt="" width="319" height="214" /></p>\r\n<p>&nbsp; <img src="../../upload-files/prog_seminar/DSC_3036.JPG" alt="" width="319" height="214" />&nbsp; <img src="../../upload-files/prog_seminar/DSC_3071.JPG" alt="" width="319" height="214" /></p>\r\n<p>&nbsp;</p>\r\n<p>В практической части семинара участники познакомились с технологией проведения контестов по программированию, которая применяется сейчас во всем мире.</p>\r\n<p>&nbsp;</p>\r\n<p>&nbsp; <img src="../../upload-files/prog_seminar/DSC_3090.JPG" alt="" width="319" height="214" />&nbsp; <img src="../../upload-files/prog_seminar/DSC_3078.JPG" alt="" width="319" height="214" /></p>', '2010-12-21 11:22:34', 0, '', 'Научно-методический семинар «Проблемы обучения информатике в школе и вузе»', 0),
(4, 'Студенческий чемпионат "Собери Компьютер".', '<p>&nbsp;</p>\r\n<p>26 ноября компания GIGABYTE при поддержке компании &laquo;Снежный барс&raquo; провела студенческий чемпионат &laquo;Собери Компьютер&raquo; в Институте Математики и Информатики (ИМИ) Бурятского Государственного Университета (БГУ).<br /><br />В мероприятии приняли участие более 90 студентов ИМИ БГУ. Для проведения чемпионата была предоставлена аудитория 1209. Собравшиеся познакомились с компанией GIGABYTE, узнали о новейших технологиях и применении их в продуктах GIGABYTE, а также познакомились с новейшими технологиями компании GIGABYTE. Все желающие получили возможность принять участие в соревнованиях по скоростной сборке компьютеров, предоставленных партнером компании GIGABYTE в Бурятии &ndash; компанией &laquo;Снежный барс&raquo;, и в различных увлекательных конкурсах, подготовленных организаторами соревнования.<br /><br />Мероприятие началось с приветствия и напутственного слова директора ИМИ Шаранхаева Ивана Константиновича, с которым он обратился к студентам и организаторам. Официальную часть мероприятия открыли представители компаний GIGABYTE и Снежный барс. Была представлена презентация о самых современных технологиях компании GIGABYTE . Было проведено анкетирования для первоначального отсева участников.&nbsp;<br /><br />По окончании презентаций был дан старт соревнованиям по скоростной сборке ПК, параллельно проходили конкурсы для зрителей. <br /><br />В соревновании по сборке компьютеров приняли участие около 30 студентов, которые были допущены к соревнованиям  после тестирования на знание технологий и продукции компании GIGABYTE. На пяти столах развернулась бескомпромиссная борьба среди участников, стремящихся  без ошибок собрать ПК за минимальное время. За процессом наблюдала судейская бригада. В это же время не занятые в соревновании студенты принимали активно участвовали в конкурсах, проводимых организаторами. По результатам конкурсов все победители получили поощрительные призы от компаний GIGABYTE.<br /><br />По завершении соревнований была определена тройка сильнейших. Победителем турнира стал Голубков Евгений , второе место занял Норбоев Жаргал, на третьем месте Михайлов Александр. Победители были вручены ценные призы и дипломы от организаторов отборочного тура.</p>', '2010-11-29 15:31:59', 0, 'images/1291014269.jpg', '29 ноября прошёл студенческией турнир Gigabyte "Собери компьютер"', 0),
(6, 'Республиканская олимпиада по программированию', '<p>21 и 23 января в НОИЦ СИА БГУ прошла Республиканская олимпиада по программированию среди школьников. Общее количество участников 21. Олимпиада проводилась в 2 этапа. На каждом этапе участникам было предложено по 4 задачи.</p>\r\n<p>&nbsp;</p>\r\n<p><strong>Победители:</strong></p>\r\n<p><strong>1 место:</strong> Борходоев Тимур Баирович (267 баллов)</p>\r\n<p><strong>2 место:</strong> Настека Александр Владимирович (157 баллов)</p>\r\n<p><strong>3 место:</strong> Гончикова Людмила Юрьевна (143 балла)</p>\r\n<p>&nbsp;</p>\r\n<p><strong>Поздравляем победителей!</strong></p>\r\n<p>Ниже прикреплены подробные ведомости с олимпиады</p>\r\n<p>&nbsp;</p>', '2011-01-24 12:22:56', 0, '', '21 и 23 января в НОИЦ СИА БГУ прошла Республиканская олимпиада по программированию среди школьников.', 0),
(7, 'Спартакиада', '<p><strong>Состав команды по настольному теннису:</strong> Заятуев Батор Владимирович, доцент кафедры геометрии, Николаев Олег Юрьевич, преподаватель кафедры математического анализа и МПМ, Ачитуев Самбу Ачитуевич, старший преподаватель кафедры прикладной математики.</p>\r\n<p>&nbsp;</p>\r\n<p><strong>Состав команды по шахматам:</strong> Данеев Александр Васильевич, доцент кафедры информационных технологий, Николаев Олег Юрьевич, Ачитуев Самбу Ачитуевич.</p>\r\n<p>&nbsp;</p>\r\n<p><strong>Поздравляем!!!</strong></p>\r\n<p><strong><br /></strong></p>\r\n<p><img src="../../upload-files/dsc_4846.jpg" alt="" width="346" height="231" /> &nbsp;&nbsp; <img src="../../upload-files/dsc_4869.jpg" alt="" width="346" height="231" /></p>', '2011-02-10 14:54:14', 0, '', 'Мужская команда преподавателей ИМИ заняла 1 место по настольному теннису и 2 место по шахматам в зачет Спартакиады БГУ. ', 1),
(8, 'Список участников от ИМИ на Ректорский бал 2011', '<p>&nbsp;</p>\r\n<p><img style="float: left;" src="../../upload-files/bal.jpg" alt="" width="334" height="223" /><strong>&nbsp;Поздравляем участников от ИМИ:</strong></p>\r\n<p>&nbsp; Бадмаев Арсалан<br />&nbsp; Бадмаев Сергей<br />&nbsp; Бурлаков Иван<br />&nbsp; Быкова Кристина<br />&nbsp; Ильичева Полина<br />&nbsp; Инкижинова Оюна<br />&nbsp; Очирова Оюна<br />&nbsp; Поломошина Мария<br />&nbsp; Серкова Татьяна<br />&nbsp; Цыденмункуев Александр</p>', '2011-02-10 15:51:05', 2, 'images/1297323282.jpg', ' ', 0),
(9, 'Поздравляем студентов ИМИ!!!', '<p>\r\n<p class="MsoNormal">Барлуков Георгий &ndash; стипендиат Правительства Республики Бурятия</p>\r\n<p class="MsoNormal">Лобанов Алексей &ndash; лауреат премии мэра города Улан-Удэ &laquo;100 лучших студентов&raquo;</p>\r\n</p>', '2011-02-15 10:54:59', 0, '', 'Поздравляем наших студентов с наградами!', 0),
(10, 'Олимпиада по математике для желающих поступить в ИМИ БГУ', '<p>&nbsp;</p>\r\n<p class="MsoNormal">Вниманию выпускников школ!!! 19 марта 2011 года<span style="mso-spacerun: yes;">&nbsp; </span>состоится олимпиада БГУ по математике на базе Института математики и информатики (ул. Ранжурова, 5). По результатам олимпиады 11-классники будут рекомендованы на 1 курс Института математики и информатики БГУ.</p>\r\n<p>&nbsp;</p>', '2011-02-16 12:03:24', 0, '', 'Олимпиада по математике для желающих поступить в ИМИ БГУ.', 0),
(11, 'Открыт докторский совет по 05.13.18', '<p><span style="font-size: 12.0pt; font-family: &quot;Times New Roman&quot;; mso-fareast-font-family: &quot;Times New Roman&quot;; mso-ansi-language: RU; mso-fareast-language: RU; mso-bidi-language: AR-SA;">В БГУ открыт докторский диссертационный совет по специальности 05.13.18 &laquo;Математическое моделирование, численные методы и комплексы программ&raquo;. Защиты разрешены по физико-математическим и техническим наукам.</span></p>', '2011-02-15 10:57:39', 0, '', 'В БГУ открыт докторский диссертационный совет по специальности «Математическое моделирование, численные методы и комплексы программ».', 0),
(12, 'Масочный режим', '<p><span style="font-size: 12.0pt; font-family: &quot;Times New Roman&quot;; mso-fareast-font-family: &quot;Times New Roman&quot;; mso-ansi-language: RU; mso-fareast-language: RU; mso-bidi-language: AR-SA;">С 7 февраля 2011 года в БГУ введен масочный режим. Просьба всем преподавателям и студентам соблюдать режим.</span></p>', '2011-02-15 10:58:10', 2, '', 'Внимание! Введён масочный режим', 0),
(15, 'Изменение даты олимпиады для абитуриентов ИМИ', '<p>Доводим до вашего сведения, что изменена дата проведения олимпиады по математике ИМИ БГУ. Олимпиада пройдёт 19 марта.</p>', '2011-02-22 11:40:43', 2, '', 'Олимпиада 19 марта!', 0),
(16, 'Дни БГУ в школах №32, 49', '<p><strong>В программе:</strong></p>\r\n<p>В программе научно-методический семинар для учителей, консультации для старшеклассников, выступления деканов и директоров, праздничный концерт ансамбля "Байкальские волны".</p>\r\n<p><strong>Даты проведения:</strong></p>\r\n<p>25 февраля 2011<strong> &nbsp;</strong>- школа № 49</p>\r\n<p>26 февраля 2011<strong>&nbsp;</strong><strong>&nbsp;</strong>- школа № 32</p>', '2011-02-22 11:43:23', 0, '', 'Дни БГУ', 0),
(17, 'Спартакиада БГУ среди преподавателей и сотрудников. Лыжная эстафета', '<p>18 февраля 2011 года состоялись лыжные эстафеты в зачет Спартакиады БГУ среди преподавателей и сотрудников. Мужская команда ИМИ в составе Дармаева Тумэна Гомбоцыреновича (НОИЦ СИА), Иринчеева Анатолия Александровича (кафедра математического анализа и МПМ), Цыбикова Анатолия Сергеевича (НОИЦ СИА), Мунгалова Валерия Георгиевича (зам. директора по спортивной работе) заняла второе место</p>\r\n<p>Женская команда в составе Муруевой Татьяны Сергеевны (кафедра математического анализа и МПМ), Бадмаевой Эльвиры Цыреновны (дирекция), Батуевой Юлии (аспирант), Алексеевой Галины Иннокентьевны (НОИЦ СИА) заняла почетное четвертое место (из 10 команд факультетов БГУ). Поздравляем!!!</p>\r\n<p>&nbsp; &nbsp; &nbsp; &nbsp;&nbsp;<img src="../../upload-files/default.gif" alt="" width="700" height="469" /></p>\r\n<p>&nbsp;</p>\r\n<p>&nbsp;</p>', '2011-02-25 12:18:32', 0, 'images/1298607864.jpeg', '18 февраля 2011 года состоялись лыжные эстафеты в зачет Спартакиады БГУ среди преподавателей и сотрудников', 0),
(18, 'Приказ о переносе выходных дней', '<p><strong>Согласно приказу ректора:</strong><br />7 и 8 марта 2011 года - дни отдыха,<br />5 и 6 марта 2011 года - рабочие дни.<br /><br /><strong>Занятия проводятся:</strong><br />5 марта по расписанию понедельника 7 марта.<br />6 марта по расписанию субботы 5 марта.</p>', '2011-02-25 13:43:49', 2, '', 'Расписание занятий на 5-6 марта', 0),
(19, 'Традиционная олимпиада школьников по математике и физике на призы ТК "БИН"', '<p>В дни школьных каникул, 2 и 3 апреля, в БГУ проводится традиционная олимпиада школьников по математике и физике на призы ТК "БИН".<br />К участию допускаются учащиеся 8 &ndash; 11 классов.<br />При себе иметь паспорт или свидетельство о рождении.</p>\r\n<p>Положение в прикреплённом файле.</p>', '2011-03-22 14:53:04', 0, '', 'В дни школьных каникул, 2 и 3 апреля, в БГУ проводится традиционная олимпиада школьников по математике и физике на призы ТК "БИН".', 0),
(20, 'Команда БГУ побеждает на республиканских олимпиадах по программированию и математике', '<p>&nbsp;</p>\r\n<p>25 марта 2011 года состоялась студенческая олимпиада по программированию среди вузов РБ. Поздравляем команду БГУ, занявшую первое место.</p>\r\n<p>&nbsp;</p>\r\n<p><strong>Состав команды:</strong></p>\r\n<p>Бадмаев Арсалан, гр. 05470 (диплом 1 степени)</p>\r\n<p>Великий Константин, гр. 05400</p>\r\n<p>Кривоносов Иннокентий, гр. 05201</p>\r\n<p>&nbsp;</p>\r\n<p><a href="http://sportprogcomm.org/republic2011.php">Результаты олимпиады по программированию и условия задач</a></p>\r\n<p>&nbsp;</p>\r\n<p>28 марта 2011 года состоялась студенческая олимпиада по математике среди вузов РБ. Поздравляем команду БГУ, занявшую первое место.</p>\r\n<p>&nbsp;</p>\r\n<p><strong>Состав команды:</strong><br />1. Дамбаева Дулсан, гр. 05290 (2 личное место)<br />2. Лобанов Алексей, гр. 05290 (3 личное место)&nbsp;<br />3. Бурлаков Иван, гр. 05280<br />4. Якимова Екатерина, гр. 05290<br />5. Сметанин Алексей, гр. 05181<br />6. Балакшиев Эльдар, гр. 05290</p>', '2011-03-26 13:22:21', 1, '', 'Поздравляем команду БГУ, занявшую первое место на республиканских олимпиадах по программированию и математике', 0),
(21, 'День математика в ИМИ', '<p>&nbsp;</p>\r\n<p><strong>1 апреля</strong> в ИМИ прошёл традиционный <strong>День математика</strong>. Были проведены турниры по шахматам, настольному теннису, армреслингу. Победители награждены призами от нашего спонсора компании &laquo;Снежный барс&raquo; (флеш-карты, мыши).</p>\r\n<p><img src="../../upload-files/firstapr/DSC07502.JPG" alt="" width="326" height="243" /> <img src="../../upload-files/firstapr/DSC07505.JPG" alt="" width="324" height="242" /></p>\r\n<p><img src="../../upload-files/firstapr/DSC07511.JPG" alt="" width="325" height="243" /> <img src="../../upload-files/firstapr/DSC07517.JPG" alt="" width="324" height="243" /></p>\r\n<p>Проведен творческий турнир среди студентов, состоявший из визитки, конкурса плакатов, конкурса презентаций и домашнего задания. Победила за явным преимуществом команда девушек 1 и 2 курса ИМИ (приз &ndash; сертификат на 1200 рублей для боулинга).</p>\r\n<p><img src="../../upload-files/firstapr/DSC07526.JPG" alt="" width="323" height="241" /> <img src="../../upload-files/firstapr/DSC07533.JPG" alt="" width="322" height="241" /></p>', '2011-04-02 16:08:28', 0, '', 'День математика в ИМИ', 0),
(22, 'Традиционная олимпиада школьников по математике и физике на призы ТК "БИН"', '<p><strong>2 апреля</strong> прошла <a href="ShowNews.php?id=19">Традиционная олимпиада школьников по математике и физике на призы ТК "БИН" </a></p>\r\n<p><img src="../../upload-files/bin2011/DSC07588.JPG" alt="" width="206" height="275" /> <img src="../../upload-files/bin2011/DSC07579.JPG" alt="" width="369" height="276" /></p>\r\n<p>В олимпиаде приняли участие 140 школьников республики Бурятия.</p>\r\n<p><img src="../../upload-files/bin2011/DSC07574.JPG" alt="" width="322" height="241" /> <img src="../../upload-files/bin2011/DSC07602.JPG" alt="" width="323" height="242" /></p>\r\n<p>Результаты будут объявлены позже</p>\r\n<p>&nbsp;</p>\r\n<p>&nbsp;</p>\r\n<p>&nbsp;</p>', '2011-04-02 17:47:53', 0, '', 'Традиционная олимпиада школьников по математике и физике на призы ТК "БИН" ', 0),
(23, 'Олимпиады БГУ и «Будущее Сибири»', '<p>Подведены итоги олимпиады БГУ по математике и информатике. Участники, набравшие 50 и более баллов, являются призерами олимпиады.</p>\r\n<p><br />Призерам олимпиады БГУ по математике и информатике, а также участникам второго этапа олимпиады &laquo;Будущее Сибири&raquo; (физика и информатика) по вопросу поступления в ИМИ БГУ обращаться по телефонам:</p>\r\n<p>21-97-57<br />63-29-92<br />или на dekanat_imi@bsu.ru.</p>\r\n<p>&nbsp;</p>', '2011-04-04 14:25:32', 1, '', 'Итоги олимпиады БГУ и «Будущее Сибири»', 0),
(24, 'Результаты олимпиады по математике и физике на призы ТК "БИН"', '<p>&nbsp;</p>\r\n<p><strong>2 - 3 апреля</strong> прошла Традиционная олимпиада школьников по математике и физике на призы ТК "БИН". В олимпиаде приняли участие 140 школьников республики Бурятия. Поздравляем победителей олимпиады:</p>\r\n<p><strong>По математике:<br /></strong>1 место Мункоева Айлана Михайловна 59 школа<br />2 место Куприянова Алина Андреевна 49 школа<br />3 место Братчиков Денис Семенович 49 школа</p>\r\n<p><br /><strong>По физике:<br /></strong>1 место Хинданов Алексей Иннокентьевич 3 школа<br />2 место Ламбаев  Сергей  Викторович 19 школа<br />3 место Баглаева Елена Алексеевна 46 школа<br /><strong><br /></strong></p>\r\n<p>Подробную итоговую таблицу смотрите в прикреплённом файле<strong><br /></strong></p>', '2011-04-12 16:16:21', 1, '', 'Результаты олимпиады по математике и физике на призы ТК "БИН"', 0),
(25, 'День профессии в ИМИ', '<p>&nbsp;</p>\r\n<p>12 апреля 2011 года в ИМИ состоялся <strong>День профессии</strong>.</p>\r\n<p>Как и было запланировано, состоялись научно-популярная лекция профессора Очирова Михаила Надмитовича, концерт студентов ИМИ в рамках фестиваля &laquo;Студенческая весна&raquo;, вручение дипломов и сертификатов призерам олимпиад БГУ по математике и информатике, &laquo;Будущее Сибири&raquo;, пробное ЕГЭ по математике.</p>\r\n<p>&nbsp;</p>\r\n<p>По результатам пробного ЕГЭ рекомендованы в ИМИ: <br />- Балданова Наталья (Хоринск)<br />- Игнашкеев Александр (школа №29)<br />- Преловская Галина (школа №61)<br />- Ширеторова Светлана (школа №29)<br />- Жанчипов Булат (школа №45).</p>', '2011-04-16 15:40:27', 0, '', '12 апреля 2011 года в ИМИ состоялся День профессии. ', 0),
(26, 'Чемпионат Гигабайт собери компьютер', '<p>\r\n<p>&nbsp;</p>\r\n<p>28 апреля компания GIGABYTE провела студенческий чемпионат &laquo;Собери Компьютер&raquo; в Институте Математики и Информатики (ИМИ) Бурятского Государственного Университета (БГУ).<br /><br />В мероприятии приняли участие студенты ИМИ БГУ. Для проведения чемпионата была предоставлена аудитория 1209. Собравшиеся познакомились с компанией GIGABYTE, узнали о новейших технологиях и применении их в продуктах GIGABYTE, а также познакомились с новейшими технологиями компании GIGABYTE. Все желающие получили возможность принять участие в соревнованиях по скоростной сборке компьютеров, предоставленных партнером компании GIGABYTE в Бурятии &ndash; компанией &laquo;Снежный барс&raquo;, и в различных увлекательных конкурсах, подготовленных организаторами соревнования.</p>\r\n</p>', '2011-05-04 11:08:43', 0, '', 'Студенческий чемпионат «Собери Компьютер»', 0);

-- --------------------------------------------------------

--
-- Table structure for table `observer_groups`
--

CREATE TABLE IF NOT EXISTS `observer_groups` (
  `group_id` int(11) NOT NULL AUTO_INCREMENT,
  `group_code` varchar(255) NOT NULL,
  `group_name` varchar(255) NOT NULL,
  PRIMARY KEY (`group_id`)
) ENGINE=MyISAM  DEFAULT CHARSET=utf8 AUTO_INCREMENT=40 ;

--
-- Dumping data for table `observer_groups`
--

INSERT INTO `observer_groups` (`group_id`, `group_code`, `group_name`) VALUES
(1, '05421', 'Математическое обеспечение и администрирование информационных систем'),
(2, '05490', 'Математическое обеспечение и администрирование информационных систем'),
(3, '05400', 'Математическое обеспечение и администрирование информационных систем'),
(4, '05422', 'Математическое обеспечение и администрирование информационных систем'),
(5, '05102б', 'Математика'),
(6, '05411', 'Математическое обеспечение и администрирование информационных систем'),
(7, '05310', 'Прикладная информатика'),
(8, '05110', 'Математика'),
(9, '05290', 'Прикладная математика и информатика'),
(10, '05130', 'Математика'),
(11, '05330', 'Прикладная информатика'),
(12, '05530', 'Математика и компьютерные науки'),
(13, '05211', 'Прикладная математика и информатика'),
(14, '05221', 'Прикладная математика и информатика'),
(15, '05280', 'Прикладная математика и информатика'),
(16, '05321', 'Прикладная информатика'),
(17, '05230', 'Прикладная математика и информатика'),
(18, '05430', 'Математическое обеспечение и администрирование информационных систем'),
(19, '05322', 'Прикладная информатика'),
(20, '05520', 'Математика и компьютерные науки'),
(21, '05201', 'Прикладная математика и информатика'),
(22, '05202б', 'Прикладная математика и информатика'),
(24, '05120', 'Математика'),
(25, '05320', 'Прикладная информатика'),
(26, '05212', 'Прикладная математика и информатика'),
(27, '05192б', 'Математика'),
(35, '05221', 'sad'),
(36, '05221', '1'),
(33, '05221', 'sad'),
(34, '05221', 'sad'),
(37, '05221', '1'),
(38, '05221', '1'),
(39, '05221', '1');

-- --------------------------------------------------------

--
-- Table structure for table `observer_students`
--

CREATE TABLE IF NOT EXISTS `observer_students` (
  `student_id` int(11) NOT NULL AUTO_INCREMENT,
  `student_secname` varchar(255) NOT NULL,
  `student_name` varchar(255) NOT NULL,
  `student_patronymic` varchar(255) NOT NULL,
  `group_id` int(5) NOT NULL,
  `status` int(2) NOT NULL,
  PRIMARY KEY (`student_id`)
) ENGINE=MyISAM  DEFAULT CHARSET=utf8 AUTO_INCREMENT=402 ;

--
-- Dumping data for table `observer_students`
--

INSERT INTO `observer_students` (`student_id`, `student_secname`, `student_name`, `student_patronymic`, `group_id`, `status`) VALUES
(1, 'Абарыкова', 'Юлия', 'Юрьевна', 1, 0),
(2, 'Абашеева', 'Светлана', 'Евгеньевна', 2, 0),
(3, 'Абашеева', 'Анастасия', 'Александровна', 3, 0),
(5, 'Аверин', 'Сергей', 'Сергеевич', 1, 0),
(6, 'Аксенов', 'Евгений', 'Алексеевич', 5, 0),
(7, 'Александрова', 'Екатерина', 'Игоревна', 6, 0),
(8, 'Алексеев', 'Михаил', 'Геннадьевич', 7, 0),
(9, 'Альмашов', 'Виктор', 'Васильевич', 8, 0),
(10, 'Амараева', 'Валентина', 'Игоревна', 8, 0),
(11, 'Шагдарова', 'Арюна', 'Батуевна', 6, 0),
(12, 'Ангархаева', 'Эржэна', 'Витальевна', 9, 0),
(13, 'Анданова', 'Эржена', 'Баиржаповна', 1, 0),
(14, 'Андреев', 'Олег', 'Владиславович', 10, 0),
(15, 'Андронов', 'Роман', 'Олегович', 11, 0),
(16, 'Арсентьев', 'Сергей', 'Александрович', 12, 0),
(17, 'Асланян', 'Парандзем', 'Арбаковна', 13, 0),
(19, 'Атутов', 'Артем', 'Альбертович', 12, 0),
(20, 'Афанасьева', 'Саран', 'Дабаевна', 14, 0),
(370, 'Антонова', 'Анна', 'Александровна', 17, 0),
(22, 'Бабужапов', 'Буянто', 'Нимаевич', 13, 0),
(23, 'Баглаева', 'Екатерина', 'Алексеевна', 8, 0),
(25, 'Бадмаев', 'Владислав', 'Вадимович', 5, 0),
(26, 'Бадмаев', 'Биликто', 'Арсаланович', 1, 0),
(27, 'Бадмаев', 'Бато', 'Баясхаланович', 11, 0),
(28, 'Бадмаева', 'Балжин', 'Баировна', 15, 0),
(29, 'Бадмацыренова', 'Дарима', 'Дашанимаевна', 8, 0),
(30, 'Бадмацыренова', 'Сэсэгма', 'Баторовна', 4, 0),
(31, 'Баентуров', 'Михаил', 'Семенович', 2, 0),
(32, 'Базаров', 'Бато', 'Баторович', 16, 0),
(34, 'Базаров', 'Алдар', 'Цырендоржиевич', 12, 0),
(35, 'Базарова', 'Чимита', 'Балдановна', 15, 0),
(36, 'Балаганская', 'Анна', 'Петровна', 6, 1),
(37, 'Балакшиев', 'Эльдар', 'Гюльмамедович', 9, 0),
(38, 'Балбаров', 'Гарма', 'Доржиевич', 6, 0),
(39, 'Балдаев', 'Алексей', 'Александрович', 17, 0),
(40, 'Балдакшинова', 'Екатерина', 'Петровна', 6, 0),
(41, 'Балданов', 'Роберт', 'Валерьевич', 3, 0),
(42, 'Балданова', 'Наталья', 'Владимировна', 6, 0),
(43, 'Балжитов', 'Аюр', 'Баирович', 9, 0),
(44, 'Балсанова', 'Наталья', 'Александровна', 12, 0),
(45, 'Банзаров', 'Даба', 'Чимитович', 16, 0),
(47, 'Барадиев', 'Ринчин', 'Вадимович', 11, 0),
(48, 'Бархатов', 'Михаил', 'Петрович', 18, 0),
(49, 'Бастуев', 'Арсалан', 'Владимирович', 6, 0),
(51, 'Батуев', 'Чимит', 'Тумэнович', 8, 0),
(52, 'Батуев', 'Андрей', 'Сампилович', 14, 0),
(55, 'Бессонов', 'Иван', 'Сергеевич', 18, 0),
(56, 'Борисов', 'Иван', 'Александрович', 14, 0),
(57, 'Бубеев', 'Булат', 'Сергеевич', 20, 1),
(58, 'Будаев', 'Алдар', 'Вячеславович', 21, 0),
(59, 'Будаев', 'Санжи', 'Олегович', 22, 0),
(60, 'Будаев', 'Константин', 'Алексеевич', 18, 0),
(61, 'Будаева', 'Надежда', 'Романовна', 13, 0),
(62, 'Бузин', 'Алексей', 'Сергеевич', 18, 0),
(63, 'Булгытов', 'Евгений', 'Борисович', 14, 0),
(64, 'Бурдуковский', 'Павел', 'Сергеевич', 18, 0),
(65, 'Бурцев', 'Виктор', 'Олегович', 3, 0),
(66, 'Бутин', 'Александр', 'Игоревич', 19, 0),
(67, 'Бутина', 'Вера', 'Анатольевна', 6, 0),
(68, 'Буянтуева', 'Галина', 'Васильевна', 16, 0),
(69, 'Быкова', 'Екатерина', 'Павловна', 17, 0),
(70, 'Варанкина', 'Кристина', 'Алексеевна', 7, 0),
(71, 'Василенко', 'Юлия', 'Леонидовна', 19, 0),
(72, 'Войтов', 'Антон', 'Андреевич', 3, 0),
(73, 'Волынкин', 'Григорий', 'Сергеевич', 18, 0),
(74, 'Воробьев', 'Александр', 'Михайлович', 12, 0),
(76, 'Ганжурова', 'Евгения', 'Андреевна', 22, 0),
(77, 'Ганжурова', 'Виктория', 'Борисовна', 17, 0),
(79, 'Гармаев', 'Андрей', 'Сергеевич', 2, 0),
(80, 'Гармаев', 'Тумэн', 'Станиславович', 18, 0),
(81, 'Гармажапова', 'Сэлмэг', 'Баясхалановна', 10, 0),
(82, 'Гатапов', 'Вячеслав', 'Александрович', 6, 0),
(84, 'Гергенова', 'Саяна', 'Лукинична', 20, 0),
(86, 'Грибанов', 'Алексей', 'Иннокентьевич', 2, 0),
(87, 'Григорьев', 'Тимур', 'Леонидович', 21, 0),
(88, 'Григорьев', 'Сергей', 'Николаевич', 11, 2),
(89, 'Гунтыпова', 'Бальжима', 'Кимовна', 20, 0),
(90, 'Гуров', 'Сергей', 'Максимович', 18, 0),
(91, 'Гушан', 'Владислав', 'Дмитриевич', 18, 0),
(92, 'Гылыкова', 'Лилия', 'Эдуардовна', 17, 0),
(93, 'Гынинов', 'Аюша', 'Чингисович', 7, 0),
(94, 'Дамбаев', 'Энхэ', 'Ринчинович', 21, 0),
(95, 'Дамбаев', 'Николай', 'Александрович', 16, 0),
(96, 'Дамбаева', 'Дулсан', 'Ринчин-Доржиевна', 9, 0),
(97, 'Дамбажапов', 'Евгений', 'Баирович', 4, 0),
(98, 'Дамбиев', 'Зорикто', 'Этигилович', 7, 0),
(99, 'Дампилов', 'Буянто', 'Сергеевич', 16, 0),
(100, 'Дампилова', 'Цыремжит', 'Амагалановна', 14, 1),
(102, 'Данзанова', 'Эржена', 'Александровна', 6, 0),
(103, 'Дармаев', 'Александр', 'Владиславович', 16, 0),
(104, 'Дармаева', 'Юлия', 'Юрьевна', 21, 0),
(374, 'Тютрин', 'Виктор', 'Витальевич', 18, 0),
(108, 'Дашимолонова', 'Александра', 'Сергеевна', 8, 0),
(109, 'Дашинимаева', 'Балма', 'Гомбожаповна', 15, 0),
(110, 'Дашицыренов', 'Бэликто', 'Александрович', 8, 0),
(111, 'Дашицыренова', 'Баирма', 'Гомбоевна', 7, 0),
(112, 'Дерюгин', 'Даниил', 'Федорович', 2, 0),
(113, 'Дивотченко', 'Григорий', 'Георгиевич', 9, 0),
(114, 'Долгова', 'Мария', 'Сергеевна', 8, 0),
(116, 'Домышева', 'Анастасия', 'Михайловна', 19, 0),
(117, 'Донгак', 'Саяна', 'Валерьевна', 4, 1),
(118, 'Дондоков', 'Бэликто', 'Тумэнович', 6, 0),
(119, 'Доржиев', 'Александр', 'Алексеевич', 13, 0),
(120, 'Доржиев', 'Илья', 'Александрович', 19, 0),
(121, 'Доржиева', 'Кристина', 'Геннадьевна', 14, 0),
(124, 'Доржиева', 'Дыжидма', 'Жаргаловна', 11, 0),
(127, 'Дулмаев', 'Андрей', 'Александрович', 2, 0),
(128, 'Думнов', 'Владислав', 'Александрович', 18, 0),
(129, 'Дылыков', 'Даба', 'Александрович', 19, 0),
(130, 'Дымбрылова', 'Бутит', 'Жаргаловна', 11, 0),
(131, 'Ендан', 'Орлана', 'Монге-Баировна', 11, 0),
(132, 'Епифанцева', 'Ольга', 'Николаевна', 10, 0),
(133, 'Ергонов', 'Игорь', 'Геннадьевич', 18, 0),
(134, 'Еременко', 'Дмитрий', 'Вячеславович', 9, 0),
(135, 'Ефимов', 'Ефим', 'Сергеевич', 18, 2),
(373, 'Денисова', 'Алтана', 'Викторовна', 11, 0),
(137, 'Ешиев', 'Галсан', 'Мункуевич', 1, 0),
(138, 'Ешиев', 'Цыдып', 'Баирович', 11, 0),
(139, 'Жамсаева', 'Эржена', 'Александровна', 16, 0),
(140, 'Жамсаранова', 'Валентина', 'Солбоновна', 9, 0),
(141, 'Жамьянов', 'Владимир', 'Александрович', 4, 0),
(142, 'Жамьянова', 'Лилия', 'Викторовна', 2, 0),
(143, 'Жапова', 'Дарима', 'Элбэктуевна', 15, 0),
(144, 'Жаргалсайхан', 'Заяа', '', 24, 0),
(145, 'Жданова', 'Екатерина', 'Михайловна', 5, 0),
(146, 'Жигжитов', 'Жаргал', 'Баирович', 17, 0),
(147, 'Жимбеев', 'Сэнгэ', 'Геннадьевич', 14, 0),
(148, 'Заиграев', 'Иван', 'Павлович', 1, 0),
(149, 'Залуцкий', 'Дмитрий', 'Андреевич', 2, 0),
(150, 'Зинина', 'Ольга', 'Андреевна', 2, 0),
(151, 'Зобнина', 'Галина', 'Васильевна', 3, 0),
(152, 'Золотухина', 'Александра', 'Васильевна', 11, 0),
(153, 'Зундуев', 'Эрдэни', 'Цырендоржиевич', 8, 0),
(154, 'Иванова', 'Мария', 'Александровна', 8, 0),
(155, 'Игнашкеев', 'Гэсэр', 'Геннадьевич', 20, 0),
(156, 'Ильин', 'Владимир', 'Николаевич', 8, 0),
(157, 'Илькова', 'Ирина', 'Петровна', 5, 1),
(158, 'Имехенов', 'Юрий', 'Борисович', 3, 0),
(159, 'Иргит', 'Юлиана', 'Рапутовна', 10, 0),
(160, 'Искакова', 'Руслана', 'Игоревна', 20, 0),
(163, 'Казьмин', 'Иван', 'Дмитриевич', 13, 0),
(164, 'Калашникова', 'Наталья', 'Олеговна', 18, 0),
(165, 'Калёных', 'Глеб', 'Михайлович', 9, 0),
(166, 'Каплин', 'Алексей', 'Игоревич', 12, 0),
(167, 'Ким', 'Балта', 'Баяртуевич', 9, 0),
(171, 'Кобылкин', 'Илья', 'Андреевич', 8, 0),
(172, 'Козырев', 'Сергей', 'Игоревич', 4, 0),
(173, 'Кондратьев', 'Леонид', 'Сергеевич', 13, 0),
(174, 'Коногоров', 'Александр', 'Олегович', 19, 0),
(175, 'Кононова', 'Ольга', 'Валерьевна', 3, 0),
(176, 'Красовская', 'Светлана', 'Олеговна', 12, 0),
(177, 'Криволапов', 'Николай', 'Ильич', 1, 0),
(178, 'Кривоносов', 'Иннокентий', 'Александрович', 21, 0),
(179, 'Кужугет', 'Алдын-Сай', 'Артемовна', 10, 0),
(180, 'Кузнецова', 'Тамара', 'Игоревна', 21, 0),
(181, 'Кузнецова', 'Татьяна', 'Николаевна', 11, 2),
(183, 'Куренков', 'Денис', 'Сергеевич', 22, 0),
(184, 'Ламажапов', 'Аюша', 'Жамсаранжапович', 9, 0),
(186, 'Леснеев', 'Александр', 'Юрьевич', 11, 0),
(187, 'Лиджеев', 'Александр', 'Викторович', 16, 0),
(188, 'Лобанов/Баранов', 'Алексей', 'Валерьевич', 9, 0),
(189, 'Лупашко', 'Наталия', 'Андреевна', 3, 0),
(190, 'Любишин', 'Алексей', 'Юрьевич', 3, 0),
(191, 'Макарова', 'Наталья', 'Сергеевна', 5, 0),
(192, 'Маковецкий', 'Роман', 'Владиславович', 4, 0),
(194, 'Малисова', 'Валентина', 'Андреевна', 15, 0),
(195, 'Мальцев', 'Станислав', 'Петрович', 13, 0),
(196, 'Мальцева', 'Ирина', 'Михайловна', 19, 0),
(197, 'Мантатов', 'Алексей', 'Сергеевич', 11, 0),
(199, 'Мартынов', 'Никита', 'Николаевич', 4, 0),
(200, 'Мархаев', 'Цырен-Доржо', 'Юрьевич', 7, 0),
(201, 'Мархаев', 'Санжа', 'Анатольевич', 12, 0),
(202, 'Меркушев', 'Антон', 'Витальевич', 24, 0),
(203, 'Мешков', 'Евгений', 'Анатольевич', 17, 0),
(205, 'Миронов', 'Василий', 'Михайлович', 19, 0),
(206, 'Мисюркеева', 'Татьяна', 'Александровна', 5, 0),
(207, 'Миткус', 'Ксения', 'Вячеславовна', 6, 0),
(208, 'Мокрова', 'Анастасия', 'Николаевна', 21, 0),
(209, 'Монголонова', 'Александра', 'Николаевна', 14, 0),
(210, 'Монгуш', 'Чечена', 'Олеговна', 9, 0),
(211, 'Монгуш', 'Азиана', 'Алексеевна', 24, 0),
(212, 'Монич', 'Лариса', 'Вячеславовна', 18, 2),
(213, 'Монтоев', 'Денис', 'Вениаминович', 11, 0),
(214, 'Мункоева', 'Алтана', 'Владимировна', 8, 0),
(215, 'Муруев', 'Константин', 'Вячеславович', 19, 1),
(217, 'Намжилов', 'Золто', 'Владимирович', 9, 0),
(218, 'Никитин', 'Никита', 'Викторович', 18, 0),
(219, 'Николаев', 'Амарсайхан', 'Дондогсамбуевич', 18, 0),
(220, 'Николаевский', 'Никита', 'Олегович', 6, 0),
(221, 'Никонов', 'Александр', 'Петрович', 2, 0),
(372, 'Шодотов', 'Владимир', 'Андреевич', 12, 0),
(223, 'Никонов', 'Руслан', 'Валерьевич', 11, 0),
(224, 'Нимаев', 'Сергей', 'Андреевич', 9, 0),
(225, 'Нимаева', 'Светлана', 'Солбоновна', 7, 0),
(229, 'Оборова', 'Татьяна', 'Игоревна', 15, 0),
(230, 'Овечкин', 'Никита', 'Дмитриевич', 7, 0),
(231, 'Огуло', 'Максим', 'Александрович', 18, 2),
(232, 'Ондар', 'Оттук', 'Билзей-оолович', 12, 0),
(233, 'Осоев', 'Алексей', 'Викторович', 17, 0),
(234, 'Охинова', 'Сарюна', 'Андреевна', 12, 0),
(235, 'Очиржапов', 'Ширап', 'Алдарович', 11, 2),
(236, 'Очирова', 'Светлана', 'Александровна', 12, 0),
(237, 'Ошорова', 'Александра', 'Самбаевна', 14, 1),
(238, 'Павленко', 'Дмитрий', 'Александрович', 18, 0),
(239, 'Пантелеев', 'Никита', 'Юрьевич', 14, 0),
(240, 'Панькова', 'Анна', 'Николаевна', 4, 0),
(241, 'Перелыгина', 'Виктория', 'Алексеевна', 19, 0),
(242, 'Петрова', 'Юлия', 'Баировна', 18, 0),
(243, 'Писарев', 'Александр', 'Николаевич', 11, 0),
(244, 'Плеханова', 'Татьяна', 'Петровна', 5, 0),
(245, 'Полхонова', 'Эржена', 'Лопсоновна', 12, 2),
(246, 'Попова', 'Ксения', 'Вячеславовна', 18, 2),
(247, 'Протасова', 'Айгуль', 'Васильевна', 20, 0),
(248, 'Пысларь', 'Жанна', 'Робертовна', 1, 0),
(249, 'Раднаев', 'Игорь', 'Жимбеевич', 2, 0),
(250, 'Раднаев', 'Эрдэм', 'Дмитриевич', 8, 0),
(251, 'Раднаев', 'Базар', 'Баирович', 4, 0),
(252, 'Раднаев', 'Николай', 'Зориктуевич', 11, 2),
(253, 'Раднаева', 'Эльвира', 'Баясхаловна', 2, 0),
(254, 'Раднаева', 'Соелма', 'Баторовна', 13, 0),
(255, 'Разуваева', 'Елена', 'Николаевна', 2, 0),
(367, 'Санжиев', 'Артем', 'Тимурович', 18, 0),
(258, 'Ринчинов', 'Мигмар', 'Баирович', 2, 0),
(259, 'Ринчинова', 'Эржена', 'Цыремпиловна', 9, 0),
(260, 'Родионов', 'Павел', 'Сергеевич', 18, 0),
(261, 'Романов', 'Юрий', 'Сергеевич', 3, 0),
(262, 'Романова', 'Ирина', 'Андреевна', 18, 0),
(263, 'Рубба', 'Павел', 'Анатольевич', 3, 0),
(264, 'Рубба', 'Максим', 'Анатольевич', 14, 0),
(266, 'Рыболов', 'Александр', 'Николаевич', 4, 0),
(267, 'Рыгзынов', 'Алексей', 'Феликсович', 2, 0),
(268, 'Савельев', 'Антон', 'Николаевич', 14, 0),
(269, 'Саидов', 'Андрей', 'Рашитович', 16, 0),
(270, 'Салуянова', 'Анжелика', 'Андреевна', 6, 0),
(273, 'Самойлов', 'Максим', 'Николаевич', 10, 0),
(369, 'Цыдыпов', 'Жамсаран', 'Аюрович', 10, 0),
(275, 'Саяпин', 'Никита', 'Александрович', 17, 0),
(276, 'Седии', 'Саида', 'Сергеевна', 12, 0),
(277, 'Селезнёв', 'Сергей', 'Евгеньевич', 18, 2),
(278, 'Семёнова', 'Виктория', 'Эдуардовна', 12, 0),
(279, 'Сидорова', 'Елена', 'Николаевна', 12, 0),
(280, 'Симбирцева', 'Анастасия', 'Александровна', 21, 0),
(281, 'Симонова', 'Юлия', 'Андреевна', 2, 0),
(282, 'Скворцов', 'Руслан', 'Евгеньевич', 9, 0),
(283, 'Смолин', 'Артем', 'Александрович', 2, 0),
(284, 'Смольников', 'Владимир', 'Владимирович', 11, 0),
(285, 'Содномов', 'Роман', 'Иринчеевич', 13, 0),
(288, 'Соколов', 'Александр', 'Сергеевич', 11, 0),
(289, 'Соловьев', 'Андрей', 'Викторович', 6, 0),
(290, 'Сороковиков', 'Павел', 'Сергеевич', 6, 0),
(291, 'Соседов', 'Сергей', 'Сергеевич', 13, 0),
(292, 'Сотников', 'Константин', 'Витальевич', 9, 0),
(293, 'Степанов', 'Олег', 'Владимирович', 13, 0),
(294, 'Стрельцов', 'Павел', 'Константинович', 5, 0),
(295, 'Стрижанов', 'Дмитрий', 'Валерьевич', 18, 0),
(296, 'Сучкова', 'Любовь', 'Мухамедовна', 11, 0),
(297, 'Танхасаев', 'Аюр', 'Маратович', 17, 0),
(299, 'Тен', 'Александр', 'Сергеевич', 19, 1),
(301, 'Терентьев', 'Владимир', 'Борисович', 7, 1),
(302, 'Тирская', 'Екатерина', 'Вячеславовна', 26, 1),
(303, 'Ткачев', 'Евгений', 'Александрович', 17, 0),
(304, 'Ткачева', 'Анна', 'Анатольевна', 22, 0),
(305, 'Токтохоева', 'Баирма', 'Цыденжаповна', 5, 1),
(306, 'Толстихина', 'Александра', 'Сергеевна', 1, 0),
(307, 'Трухно', 'Ирина', 'Андреевна', 1, 0),
(308, 'Туголуков', 'Александр', 'Викторович', 6, 0),
(309, 'Тумурова', 'Аягма', 'Даширабдановна', 20, 0),
(310, 'Тыхеева', 'Туяна', 'Баировна', 7, 0),
(311, 'Урмаев', 'Александр', 'Андреевич', 2, 0),
(313, 'Федоров', 'Евгений', 'Сергеевич', 1, 0),
(314, 'Федотова', 'Наталья', 'Сергеевна', 19, 0),
(315, 'Филиппов', 'Денис', 'Васильевич', 12, 0),
(316, 'Филиппов', 'Иннокентий', 'Игоревич', 17, 0),
(317, 'Фомина', 'Александра', 'Дмитриевна', 4, 0),
(318, 'Хабудаева', 'Нина', 'Михайловна', 19, 0),
(319, 'Халбаев', 'Тамир', 'Иосифович', 5, 0),
(320, 'Ханхатов', 'Марат', 'Александрович', 11, 0),
(321, 'Хаптахаева', 'Анжелика', 'Александровна', 17, 0),
(322, 'Харахинов', 'Баир', 'Владиславович', 17, 0),
(323, 'Харитонова', 'Наталья', 'Георгиевна', 20, 0),
(324, 'Хартиков', 'Николай', 'Андреевич', 18, 0),
(325, 'Хорлоев', 'Дугар', 'Владимирович', 7, 0),
(327, 'Цыбиков', 'Данил', 'Владимирович', 17, 0),
(328, 'Цыбикова', 'Саяна', 'Сергеевна', 9, 0),
(329, 'Цыденжапов', 'Цырен', 'Дашидондокович', 7, 0),
(330, 'Цыденов', 'Баир', 'Чингисович', 1, 0),
(331, 'Цыдыпова', 'Галина', 'Петровна', 7, 0),
(332, 'Цыремпилов', 'Константин', 'Эдуардович', 17, 0),
(333, 'Цыремпилова', 'Номина', 'Гармазадиевна', 24, 0),
(334, 'Цырендашиева', 'Наран', 'Арсалановна', 17, 0),
(335, 'Цырендоржиева', 'Туяна', 'Баировна', 15, 0),
(336, 'Цыренжапов', 'Аюр', 'Доржиевич', 9, 0),
(337, 'Цыренжапов', 'Баир', 'Васильевич', 6, 1),
(339, 'Цыренов', 'Батор', 'Аюшиевич', 11, 0),
(340, 'Цыренова', 'Валентина', 'Викторовна', 8, 0),
(341, 'Чанчиков', 'Павел', 'Александрович', 16, 0),
(342, 'Черепанов', 'Константин', 'Сергеевич', 3, 0),
(343, 'Черненко', 'Виталий', 'Михайлович', 3, 0),
(344, 'Чесноков', 'Андрей', 'Михайлович', 9, 0),
(345, 'Чимитцыренов', 'Жамьян', 'Гончикович', 17, 0),
(346, 'Чойнжуров', 'Сергей', 'Владимирович', 11, 0),
(347, 'Чукреева', 'Анжелика', 'Владимировна', 11, 0),
(368, 'Одоева', 'Роза', 'Баировна', 11, 0),
(349, 'Шабельская', 'Вероника', 'Максимовна', 6, 0),
(350, 'Шагдурова', 'Ирина', 'Андреевна', 5, 0),
(351, 'Шагжеев', 'Алексей', 'Саянович', 10, 0),
(352, 'Шагжина', 'Аюна', 'Гурдармаевна', 20, 0),
(353, 'Шадапов', 'Андрей', 'Цыремпилович', 13, 0),
(354, 'Шактамаева', 'Дугарма', 'Геннадьевна', 11, 0),
(355, 'Шалтыков', 'Родион', 'Андреевич', 6, 0),
(356, 'Шеметова', 'Юлия', 'Николаевна', 13, 0),
(357, 'Шерстобитова', 'Анастасия', 'Александровна', 2, 0),
(359, 'Шиханова', 'Дарья', 'Дмитриевна', 12, 0),
(360, 'Шобогоров', 'Пётр', 'Александрович', 14, 0),
(361, 'Шодонова', 'Елена', 'Валерьевна', 21, 0),
(362, 'Шорников', 'Александр', 'Евгеньевич', 17, 0),
(363, 'Шульгина', 'Ксения', 'Евгеньевна', 6, 0),
(365, 'Юможапова', 'Арюна', 'Булатовна', 13, 0),
(366, 'Якимова', 'Екатерина', 'Сергеевна', 9, 0),
(375, 'Иванова', 'Ольга', 'Владимировна', 12, 0),
(376, 'Пинтаева', 'Софья', 'Геннадьевна', 11, 0),
(377, 'Бузин', 'Александр', 'Петрович', 11, 0),
(378, 'Хубитуев', 'Аюша', 'Соктоевич', 11, 0),
(379, 'Побокова', 'Виктория', 'Максимовна', 11, 0),
(380, 'Сат', 'Сюзанна', 'Орлановна', 11, 0),
(381, 'Куулар', 'Роланда', 'Эресовна', 11, 0),
(382, 'Бадмаева', 'Елена', 'Владимировна', 11, 0),
(384, 'Жамсаранова', 'Гунсэма', 'Цыденовна', 10, 0),
(386, 'Павлов', 'Александр', 'Александрович', 18, 0),
(387, 'Голдышенко ', 'Юлия', 'Андреевна', 5, 0),
(388, 'Тумурова', 'Аригун', 'Николаевна', 5, 0),
(389, 'Ванчикова', 'Валерия', 'Эрдэмовна', 10, 0),
(390, 'Качалина', 'Татьяна', 'Романовна', 10, 0),
(391, 'Ахмедзянов', 'Денис', 'Радикович', 21, 0),
(392, 'Маслов', 'Павел', 'Алексеевич', 21, 0),
(393, 'Намагуруев', 'Намжил', 'Баторович', 13, 0),
(394, 'Ринчинов', 'Цырен', 'Баирович', 13, 0),
(395, 'Ендонов', 'Гарма', 'Владимирович', 11, 0),
(397, 'Банзарон', 'Туяна', 'Доржиевна', 3, 0),
(398, 'Аюшиева', 'Баирма', 'Батаевна', 18, 0),
(399, 'Бадмажапов', 'Дэнзэн-Дамба', 'Владимирович', 12, 0),
(400, 'Доржиев', 'Гуржап', 'Геннадьевич', 12, 0),
(401, 'Петров', 'Пётр', 'Иванович', 7, 0);
